;;
 Сумки [50012010];1000;
 Мужской пакет Мешок [122654005] ;1000;
 Чемоданы [50012019] ;4000;
;100;
 Дорожные сумки [50050199];1600;
;500;
;500;
;700;
;;
;;
Дорожные аксессуары [260];500;
Визитницы [261];200;
Кошельки [262];460;
Для ключей [263];460;
Телефонные чехлы [264];180;
Разное [265];400;
Для кредиток [266];180;
Рюкзаки [267];700;
;;
;;
;;
Солнцезащитные очки [50010368] ;300;
;;
;;
Браслеты на руку [50013869] ;200;
Браслеты [50013870] ;200;
Броши [50013876];100;
Перстни и кольца [50013875];70;
Серьги [50014238];90;
Серьги-гвоздики [50014239] ;90;
Длинные серьги [50014240];90;
Клипсы [50024815] ;90;
Колье / Ожерелья [50013865];290;
Подвески / Кулоны [50013868] ;99;
Украшения для волос [50013878] ;120;
;200;
Цепочки на ногу [50013871] ;90;
;;
Царапает серебряную ткань [121462033];100;
Моет жидкостное золото [121464028] ;200;
Другое [121406032];150;
;;
;;
;70;
;100;
;100;
;100;
;100;
;100;
;;
;;
;;
;;
;;
;460;Где профиль
;270;Отсутствует
;300;Где профиль
;300;Отсутствует
;;
;;
;;
;;
;;
;150;
;300;
;300;
;200;
;390;
;;
;;
;;
;;
;;
;;
Ювелирные изделия комплект [121842003] ;500;
Украшение руки [121418032] ;200;
Свирль [121410036];300;
Орнамент уха [121470042];200;
Другое [121472031] ;250;
Камень интереса ювелирных изделий [121472032] ;200;
;;
;;
Ювелирные изделия комплект [121774009] ;7;
Украшение руки [121448028] ;5;
Другое [121470040];5;
Nechlace [121384032];20;
Орнамент уха [121460028] ;5;
Plastron [121420032] ;10;
;;
;;
Орнамент уха [121420035];3;
Украшение руки [121364028];5;
 Plastron [121366037] ;5;
Другое [121458036] ;5;
 Nechlace [121392038];20;
 Камень интереса ювелирных изделий [121468026];7;
;;
;;
Plastron [121400030] ;5;
Другое [121424024] ;5;
Nechlace [121482025];5;
Орнамент уха [121418031] ;5;
Украшение руки [121402028];5;
Инвестирует дороге металлический [121388035] ;5;
;;
;;
Ювелирные изделия комплект [121832005];10;
Nechlace [121400029];8;
Украшение руки [121478031];5;
Другое [121400028];5;
Орнамент уха [121476034] ;4;
Инвестирует дороге металлический [121448029];2;
Украшение ноги [121418030] ;3;
Plastron [121460029] ;5;
;;
;;
Ювелирные изделия комплект [121866003];20;
Орнамент уха [121416029] ;15;
Украшение руки [121482028] ;15;
Другое [121452028];15;
Nechlace [121466040];25;
Камень интереса ювелирных изделий [121420034];7;
;;
;;
Ювелирные изделия комплект [121834003] ;20;
Орнамент уха [121384034];20;
Другое [121464029] ;20;
Nechlace [121472030] ;25;
Украшение руки [121414040] ;15;
Plastron [121412032] ;15;
;;
;;
Ювелирные изделия комплект [121866002] ;15;
Другое [121366035];15;
Nechlace [121424025] ;25;
Украшение руки [121484030];15;
Орнамент уха [121426030];15;
Камень интереса ювелирных изделий [121412031] ;15;
Plastron [121480030];10;
;;
;;
;;
;;
;;
;600;
;;
;;
Компьютерные очки [50011903];150;
Очки для водителей [50011901] ;200;
Очки для чтения [50011898];200;
Полароидные / Антибликовые очки [50011915] ;250;
Оправы для очков [50011894] ;300;
Аксессуары и средства по уходу за очками [50011888];300;не конечная категория
;;
;;
;;
;;
;;
Оправы для очков [50011894];200;
;;
;;
;410;
;280;
;370;
;460;
;;
;;
;;
;;
;;
Шарфы / Шелковые платки / Палантины [50007003] ;390;
;;
;;
Перчатки [50010410];200;
;;
;;
;700;
;;
;;
;300;
